iter	MAE_SumError	MAE_SumWeight	RMSE_SumError	RMSE_SumWeight
0	1819264817	39071	2.585206972e+14	39071
1	1804046275	39071	2.548862203e+14	39071
2	1789537992	39071	2.513030014e+14	39071
3	1775174368	39071	2.478185371e+14	39071
4	1761128116	39071	2.443802903e+14	39071
5	1747082671	39071	2.408772799e+14	39071
6	1733237901	39071	2.374286282e+14	39071
7	1719180583	39071	2.341165785e+14	39071
8	1705107276	39071	2.308712305e+14	39071
9	1692295703	39071	2.276851009e+14	39071
10	1678509681	39071	2.245515487e+14	39071
11	1665662326	39071	2.215208504e+14	39071
12	1652755508	39071	2.184826907e+14	39071
13	1640343145	39071	2.154880395e+14	39071
14	1627135803	39071	2.126114434e+14	39071
15	1614494379	39071	2.097918066e+14	39071
16	1602199639	39071	2.069592719e+14	39071
17	1589458614	39071	2.042193418e+14	39071
18	1577507583	39071	2.014893467e+14	39071
19	1565691304	39071	1.988110936e+14	39071
20	1553889235	39071	1.961550789e+14	39071
21	1542040502	39071	1.936165621e+14	39071
22	1530568353	39071	1.910389742e+14	39071
23	1518954768	39071	1.886476759e+14	39071
24	1507362951	39071	1.862670115e+14	39071
25	1495823281	39071	1.838385917e+14	39071
26	1484948299	39071	1.815735676e+14	39071
27	1473552254	39071	1.792447253e+14	39071
28	1462233867	39071	1.77003826e+14	39071
29	1451526519	39071	1.747397646e+14	39071
30	1440542266	39071	1.725018842e+14	39071
31	1429951889	39071	1.704205786e+14	39071
32	1419682343	39071	1.683157072e+14	39071
33	1409572954	39071	1.661976007e+14	39071
34	1399172211	39071	1.642090722e+14	39071
35	1388969629	39071	1.621823493e+14	39071
36	1379310862	39071	1.60180609e+14	39071
37	1368822168	39071	1.582240256e+14	39071
38	1358656872	39071	1.56329971e+14	39071
39	1349292949	39071	1.544373788e+14	39071
40	1339310802	39071	1.525440307e+14	39071
41	1330254749	39071	1.507342955e+14	39071
42	1320963519	39071	1.489182814e+14	39071
43	1311401915	39071	1.471574394e+14	39071
44	1302187269	39071	1.454465529e+14	39071
45	1292778900	39071	1.437496702e+14	39071
46	1283429895	39071	1.420945492e+14	39071
47	1274507082	39071	1.404513866e+14	39071
48	1266033580	39071	1.38829977e+14	39071
49	1257994889	39071	1.372680054e+14	39071
50	1249275312	39071	1.356955502e+14	39071
51	1240670283	39071	1.340906138e+14	39071
52	1232422093	39071	1.325147454e+14	39071
53	1224116835	39071	1.309823866e+14	39071
54	1215610013	39071	1.295506328e+14	39071
55	1207116471	39071	1.281528978e+14	39071
56	1199316002	39071	1.267738545e+14	39071
57	1191286104	39071	1.254326485e+14	39071
58	1183540991	39071	1.240037976e+14	39071
59	1175458615	39071	1.226474186e+14	39071
60	1167568072	39071	1.213191759e+14	39071
61	1159838509	39071	1.200392012e+14	39071
62	1152902824	39071	1.187437311e+14	39071
63	1145032546	39071	1.174653713e+14	39071
64	1138404601	39071	1.162214619e+14	39071
65	1130907172	39071	1.150498276e+14	39071
66	1123862854	39071	1.138137876e+14	39071
67	1116529677	39071	1.126493666e+14	39071
68	1110134485	39071	1.114746789e+14	39071
69	1103011112	39071	1.103335835e+14	39071
70	1096383518	39071	1.091909023e+14	39071
71	1090148019	39071	1.080718861e+14	39071
72	1083151942	39071	1.069424249e+14	39071
73	1076346616	39071	1.058845964e+14	39071
74	1070020000	39071	1.048349341e+14	39071
75	1063782463	39071	1.038423694e+14	39071
76	1057279598	39071	1.028292536e+14	39071
77	1050748144	39071	1.018333522e+14	39071
78	1044088900	39071	1.008897843e+14	39071
79	1037739136	39071	9.990752804e+13	39071
80	1031525949	39071	9.893218313e+13	39071
81	1025612933	39071	9.800856273e+13	39071
82	1019331631	39071	9.706622755e+13	39071
83	1013713607	39071	9.612615197e+13	39071
84	1007550828	39071	9.522548883e+13	39071
85	1001508771	39071	9.432209351e+13	39071
86	995733996.8	39071	9.347302996e+13	39071
87	989853447.3	39071	9.261496007e+13	39071
88	984779510.4	39071	9.177692911e+13	39071
89	979485240	39071	9.095861375e+13	39071
90	974022382.1	39071	9.011000142e+13	39071
91	968303018.3	39071	8.932378184e+13	39071
92	963009505	39071	8.853025591e+13	39071
93	958200255.7	39071	8.774935743e+13	39071
94	952654224.7	39071	8.694368688e+13	39071
95	947775227.1	39071	8.615967083e+13	39071
96	942612153.1	39071	8.537274982e+13	39071
97	937820598.6	39071	8.465322664e+13	39071
98	932868954.9	39071	8.393559632e+13	39071
99	928144768.5	39071	8.319366135e+13	39071
100	922953210	39071	8.251630654e+13	39071
101	918366973.5	39071	8.181459632e+13	39071
102	914042328.8	39071	8.115717283e+13	39071
103	909410357.9	39071	8.049325955e+13	39071
104	904940628.8	39071	7.984726731e+13	39071
105	900176250.6	39071	7.918210005e+13	39071
106	895434996.7	39071	7.850515007e+13	39071
107	890860123.3	39071	7.784968524e+13	39071
108	886262457.4	39071	7.722584162e+13	39071
109	881481574.9	39071	7.662745959e+13	39071
110	877503425.3	39071	7.604939728e+13	39071
111	872939568	39071	7.544409642e+13	39071
112	868951309.6	39071	7.487439872e+13	39071
113	865039102.8	39071	7.428845057e+13	39071
114	861401919.7	39071	7.373617232e+13	39071
115	857551059.2	39071	7.319284622e+13	39071
116	853271036.7	39071	7.263296586e+13	39071
117	849539216.8	39071	7.208877035e+13	39071
118	846055022.4	39071	7.154922062e+13	39071
119	841745197.7	39071	7.103673787e+13	39071
120	838031184.6	39071	7.048607332e+13	39071
121	834472790.3	39071	6.994997383e+13	39071
122	830640408.5	39071	6.947202895e+13	39071
123	827103840.8	39071	6.895419697e+13	39071
124	822983582	39071	6.847997571e+13	39071
125	819271365.1	39071	6.803104428e+13	39071
126	815862188.9	39071	6.754003977e+13	39071
127	812545484	39071	6.702627839e+13	39071
128	809266408.2	39071	6.653276648e+13	39071
129	805640351.9	39071	6.611071391e+13	39071
130	802569081.2	39071	6.566817467e+13	39071
131	799113499.2	39071	6.521947822e+13	39071
132	795723621.8	39071	6.475642896e+13	39071
133	792196354.5	39071	6.431245506e+13	39071
134	789131126	39071	6.387809081e+13	39071
135	785965535.4	39071	6.34492175e+13	39071
136	782435296.4	39071	6.301847238e+13	39071
137	779643533.3	39071	6.259727245e+13	39071
138	776489456.1	39071	6.218567702e+13	39071
139	773480800.7	39071	6.175476189e+13	39071
140	770536852.9	39071	6.13416246e+13	39071
141	767110025.7	39071	6.095677213e+13	39071
142	764326271.8	39071	6.054399665e+13	39071
143	760882420.7	39071	6.013505505e+13	39071
144	757580419.8	39071	5.975510467e+13	39071
145	754549684.2	39071	5.939431332e+13	39071
146	751644132.8	39071	5.903352677e+13	39071
147	749139705.1	39071	5.869547139e+13	39071
148	746382660.5	39071	5.831094476e+13	39071
149	743082741.5	39071	5.797226168e+13	39071
150	740513012.8	39071	5.761723252e+13	39071
151	737888807.6	39071	5.724281834e+13	39071
152	735463574.1	39071	5.688722192e+13	39071
153	732504384.3	39071	5.659823551e+13	39071
154	729503781.6	39071	5.62306082e+13	39071
155	727115449.1	39071	5.589659488e+13	39071
156	724061529.3	39071	5.561584578e+13	39071
157	721439273.3	39071	5.52893516e+13	39071
158	719196266.2	39071	5.49827507e+13	39071
159	716828414.7	39071	5.465944488e+13	39071
160	714394545.3	39071	5.434949363e+13	39071
161	711573669.2	39071	5.404501246e+13	39071
162	709442464.6	39071	5.3738636e+13	39071
163	706816036.9	39071	5.344862814e+13	39071
164	704453817.8	39071	5.31617189e+13	39071
165	702306925.5	39071	5.288149268e+13	39071
166	700210002	39071	5.257214216e+13	39071
167	697679354.2	39071	5.229452589e+13	39071
168	695294621.6	39071	5.202477433e+13	39071
169	692969722.1	39071	5.175577159e+13	39071
170	690863568.1	39071	5.145292085e+13	39071
171	688610561.4	39071	5.11556136e+13	39071
172	686646626.9	39071	5.089220811e+13	39071
173	683819152.9	39071	5.064164621e+13	39071
174	681567202.9	39071	5.041286455e+13	39071
175	679343220.9	39071	5.015694049e+13	39071
176	677057815.8	39071	4.989581869e+13	39071
177	675116615.7	39071	4.964429033e+13	39071
178	673161824.8	39071	4.943782324e+13	39071
179	671108046.1	39071	4.919934373e+13	39071
180	669118514.4	39071	4.893766025e+13	39071
181	667127983.9	39071	4.871594174e+13	39071
182	664953928.5	39071	4.848853559e+13	39071
183	663081599	39071	4.825620575e+13	39071
184	661245979.3	39071	4.806981191e+13	39071
185	659576679.9	39071	4.785729713e+13	39071
186	657405926.9	39071	4.765503991e+13	39071
187	655611127.7	39071	4.746437403e+13	39071
188	653884776	39071	4.723344219e+13	39071
189	652214780.9	39071	4.704350157e+13	39071
190	650424258.2	39071	4.685738769e+13	39071
191	648163243.8	39071	4.667782795e+13	39071
192	646416306.2	39071	4.648664025e+13	39071
193	644373113.8	39071	4.62800044e+13	39071
194	642925599.8	39071	4.607639547e+13	39071
195	641686084.2	39071	4.592130976e+13	39071
196	639572282.9	39071	4.572436839e+13	39071
197	637582131.8	39071	4.554163281e+13	39071
198	636010472.6	39071	4.536555367e+13	39071
199	634318500.9	39071	4.519032157e+13	39071
200	632795951.8	39071	4.501030246e+13	39071
201	631162142.3	39071	4.486069326e+13	39071
202	629421863	39071	4.468543965e+13	39071
203	627701348.5	39071	4.449135213e+13	39071
204	626260660.5	39071	4.431879267e+13	39071
205	624707915.6	39071	4.417767802e+13	39071
206	622992886.8	39071	4.401668208e+13	39071
207	621551448.5	39071	4.383338353e+13	39071
208	619574230.7	39071	4.367017966e+13	39071
209	618191352.9	39071	4.352226246e+13	39071
210	616842172.4	39071	4.334867193e+13	39071
211	615067795.2	39071	4.314879581e+13	39071
212	613269201.8	39071	4.298995413e+13	39071
213	611537814.6	39071	4.279419851e+13	39071
214	610113540.3	39071	4.264101989e+13	39071
215	608328513.5	39071	4.248030344e+13	39071
216	606896982.4	39071	4.233918709e+13	39071
217	605674458.2	39071	4.221194635e+13	39071
218	604241268.6	39071	4.205368634e+13	39071
219	602494940.4	39071	4.192265876e+13	39071
220	601057347.2	39071	4.177119507e+13	39071
221	599882843.6	39071	4.164370084e+13	39071
222	598441250.3	39071	4.150970121e+13	39071
223	597338977.8	39071	4.13733005e+13	39071
224	596347391.5	39071	4.123564177e+13	39071
225	594952757.2	39071	4.108271313e+13	39071
226	594104957	39071	4.097322548e+13	39071
227	592807318.3	39071	4.084488797e+13	39071
228	591633792.3	39071	4.075612978e+13	39071
229	590121979.5	39071	4.064890874e+13	39071
230	589069648.2	39071	4.05538154e+13	39071
231	587980183.4	39071	4.041939977e+13	39071
232	586668637.8	39071	4.029901779e+13	39071
233	585127883.2	39071	4.016965528e+13	39071
234	584018358.5	39071	4.004560113e+13	39071
235	582644975.6	39071	3.994159335e+13	39071
236	581018376.9	39071	3.983309192e+13	39071
237	579553475.3	39071	3.970815817e+13	39071
238	578333568.4	39071	3.962450759e+13	39071
239	576764509.4	39071	3.952185472e+13	39071
240	575293243.1	39071	3.944119484e+13	39071
241	574099467.3	39071	3.932830314e+13	39071
242	572632024.6	39071	3.919806012e+13	39071
243	571186931.9	39071	3.909987863e+13	39071
244	569785848	39071	3.898337645e+13	39071
245	568316514.6	39071	3.886735354e+13	39071
246	566735032.2	39071	3.875647232e+13	39071
247	565290466.3	39071	3.865868517e+13	39071
248	564103434.5	39071	3.858497954e+13	39071
249	562885819.2	39071	3.85157197e+13	39071
250	561760025.6	39071	3.844584074e+13	39071
251	560382509.3	39071	3.835748869e+13	39071
252	559002634.6	39071	3.823935072e+13	39071
253	557650552.1	39071	3.81619807e+13	39071
254	556290874.6	39071	3.809503339e+13	39071
255	555080438.4	39071	3.801538519e+13	39071
256	553998844.4	39071	3.793075726e+13	39071
257	553120103.8	39071	3.786302813e+13	39071
258	552120883.9	39071	3.778174283e+13	39071
259	550891074.8	39071	3.771083533e+13	39071
260	549545150.4	39071	3.761764377e+13	39071
261	548381939.9	39071	3.75420201e+13	39071
262	547363946.7	39071	3.745993982e+13	39071
263	546082583.4	39071	3.736427788e+13	39071
264	544824142.2	39071	3.727484236e+13	39071
265	544008986.2	39071	3.719620812e+13	39071
266	543037536.9	39071	3.711403148e+13	39071
267	541814546.3	39071	3.700017796e+13	39071
268	540941856.3	39071	3.692827446e+13	39071
269	539729464.8	39071	3.685674563e+13	39071
270	538587529.7	39071	3.677640188e+13	39071
271	537811877.1	39071	3.668923516e+13	39071
272	536868484.1	39071	3.661941507e+13	39071
273	535759955	39071	3.651070216e+13	39071
274	535115189	39071	3.646043998e+13	39071
275	534382791.5	39071	3.638899336e+13	39071
276	533579381.8	39071	3.632509781e+13	39071
277	532795240.7	39071	3.627563987e+13	39071
278	532000928.9	39071	3.621236505e+13	39071
279	530995139.1	39071	3.615916113e+13	39071
280	529991433.7	39071	3.608634987e+13	39071
281	529049942.4	39071	3.600632785e+13	39071
282	527945600.9	39071	3.594667006e+13	39071
283	527073325.6	39071	3.588783188e+13	39071
284	526501956.7	39071	3.584052206e+13	39071
285	525982589.7	39071	3.580244376e+13	39071
286	525022661.4	39071	3.57197409e+13	39071
287	524098540.3	39071	3.565219449e+13	39071
288	523102154.4	39071	3.556873342e+13	39071
289	522585465.3	39071	3.553441414e+13	39071
290	521850690.8	39071	3.548193279e+13	39071
291	521180167.1	39071	3.542290698e+13	39071
292	520413408.7	39071	3.536982098e+13	39071
293	519710013.5	39071	3.529932362e+13	39071
294	519111528	39071	3.526569634e+13	39071
295	518620757	39071	3.522377947e+13	39071
296	517746609	39071	3.51489618e+13	39071
297	516901125	39071	3.508160816e+13	39071
298	516274417	39071	3.502065069e+13	39071
299	515555824.8	39071	3.497878052e+13	39071
300	514692008.9	39071	3.490582769e+13	39071
301	514267534.8	39071	3.48707398e+13	39071
302	513938341.3	39071	3.482910884e+13	39071
303	513045320.5	39071	3.474541818e+13	39071
304	512213795.3	39071	3.468189953e+13	39071
305	511626058	39071	3.46376733e+13	39071
306	510971173.3	39071	3.458709261e+13	39071
307	510655402.5	39071	3.454833352e+13	39071
308	509919227.9	39071	3.449538354e+13	39071
309	509212051.1	39071	3.442753052e+13	39071
310	508601993.5	39071	3.437949222e+13	39071
311	508281821.3	39071	3.43380171e+13	39071
312	507449046.4	39071	3.426678412e+13	39071
313	507144035	39071	3.423954246e+13	39071
314	506681656.3	39071	3.419710667e+13	39071
315	506016828.9	39071	3.413240592e+13	39071
316	505766743.6	39071	3.410355993e+13	39071
317	505184637.4	39071	3.404986235e+13	39071
318	504398428.6	39071	3.399026524e+13	39071
319	503651726.1	39071	3.392869774e+13	39071
320	503151331.8	39071	3.386672047e+13	39071
321	502633127.4	39071	3.383005168e+13	39071
322	502307914.8	39071	3.380395857e+13	39071
323	501564799.6	39071	3.375176519e+13	39071
324	500783791.5	39071	3.36992612e+13	39071
325	499934486.2	39071	3.364160504e+13	39071
326	499067100.8	39071	3.358334643e+13	39071
327	498267771.4	39071	3.351536614e+13	39071
328	497721715.9	39071	3.346691065e+13	39071
329	497285092.6	39071	3.344693174e+13	39071
330	496597201.4	39071	3.338007458e+13	39071
331	495884099.3	39071	3.332986475e+13	39071
332	495157890.6	39071	3.327454622e+13	39071
333	494897476.3	39071	3.32500224e+13	39071
334	494377259.1	39071	3.320914706e+13	39071
335	493627418.7	39071	3.314147334e+13	39071
336	493058963.1	39071	3.308347182e+13	39071
337	492598425.8	39071	3.306663027e+13	39071
338	492261055.4	39071	3.303486078e+13	39071
339	491812742.6	39071	3.298114525e+13	39071
340	491337443.5	39071	3.294774428e+13	39071
341	490836522.6	39071	3.289590731e+13	39071
342	490084251.6	39071	3.28437801e+13	39071
343	489565996	39071	3.278521868e+13	39071
344	489321374.5	39071	3.275987835e+13	39071
345	488737198.6	39071	3.271240457e+13	39071
346	488199720.8	39071	3.265661752e+13	39071
347	487790382.8	39071	3.262525117e+13	39071
348	487089909.3	39071	3.258262376e+13	39071
349	486607358.1	39071	3.253613364e+13	39071
350	486450967	39071	3.252118961e+13	39071
351	485824025.7	39071	3.249337736e+13	39071
352	485628240	39071	3.246799246e+13	39071
353	484911979.6	39071	3.242527546e+13	39071
354	484696701.9	39071	3.240629673e+13	39071
355	484050300.2	39071	3.236755002e+13	39071
356	483647519.4	39071	3.232784562e+13	39071
357	483140538.7	39071	3.228716469e+13	39071
358	482554194.7	39071	3.224856077e+13	39071
359	481926933.7	39071	3.221484948e+13	39071
360	481737099.3	39071	3.219603512e+13	39071
361	481079397	39071	3.21514628e+13	39071
362	480671798	39071	3.211469519e+13	39071
363	480239493	39071	3.207738807e+13	39071
364	479969497.4	39071	3.20471366e+13	39071
365	479552116.1	39071	3.200258124e+13	39071
366	479421145.2	39071	3.198971324e+13	39071
367	479046385.5	39071	3.195938152e+13	39071
368	478466579	39071	3.192580765e+13	39071
369	477927437.4	39071	3.190162775e+13	39071
370	477321843.7	39071	3.187107671e+13	39071
371	476898695.2	39071	3.183552667e+13	39071
372	476411564.4	39071	3.177923402e+13	39071
373	475885308.3	39071	3.172777309e+13	39071
374	475278824.2	39071	3.168577289e+13	39071
375	474860665.4	39071	3.163614917e+13	39071
376	474528356.2	39071	3.160856378e+13	39071
377	473924294.1	39071	3.156733495e+13	39071
378	473801166.8	39071	3.155213269e+13	39071
379	473554262.4	39071	3.152787712e+13	39071
380	473396590	39071	3.150687818e+13	39071
381	473214630.8	39071	3.148291013e+13	39071
382	473093463.7	39071	3.146886511e+13	39071
383	472613196.4	39071	3.143694851e+13	39071
384	472131814.8	39071	3.138101918e+13	39071
385	471755061.4	39071	3.135391232e+13	39071
386	471324820	39071	3.132194378e+13	39071
387	471013858.5	39071	3.129473787e+13	39071
388	470707063.1	39071	3.126766233e+13	39071
389	470409269.5	39071	3.124135604e+13	39071
390	470180340.6	39071	3.12178069e+13	39071
391	469817387	39071	3.119283987e+13	39071
392	469647969	39071	3.117948107e+13	39071
393	469565989.7	39071	3.117229956e+13	39071
394	469217843.4	39071	3.11442847e+13	39071
395	468675898.9	39071	3.109652479e+13	39071
396	468409961.6	39071	3.107713946e+13	39071
397	467862943.1	39071	3.103726414e+13	39071
398	467476373.2	39071	3.09995963e+13	39071
399	467068947.8	39071	3.097851208e+13	39071
400	466789495.2	39071	3.092786049e+13	39071
401	466316659.9	39071	3.089873208e+13	39071
402	465989949	39071	3.086386458e+13	39071
403	465609778.1	39071	3.08289121e+13	39071
404	465446483.6	39071	3.08025962e+13	39071
405	465199938.1	39071	3.076941092e+13	39071
406	464735073.2	39071	3.07315523e+13	39071
407	464670561.9	39071	3.071889663e+13	39071
408	464274329.2	39071	3.069201285e+13	39071
409	463990145.3	39071	3.065859601e+13	39071
410	463493490.2	39071	3.060311369e+13	39071
411	463251814.7	39071	3.057120541e+13	39071
412	463061340.8	39071	3.054663662e+13	39071
413	462787037.7	39071	3.053168892e+13	39071
414	462536524.5	39071	3.051270807e+13	39071
415	462303437.6	39071	3.049106037e+13	39071
416	461975056.3	39071	3.046591288e+13	39071
417	461788854.8	39071	3.044623744e+13	39071
418	461555144.8	39071	3.042357918e+13	39071
419	461271027.5	39071	3.039847073e+13	39071
420	460792844.1	39071	3.036515104e+13	39071
421	460502662.7	39071	3.033668387e+13	39071
422	460038564.7	39071	3.03049601e+13	39071
423	459731864.7	39071	3.028414599e+13	39071
424	459431963.9	39071	3.026015236e+13	39071
425	459217238.3	39071	3.023949222e+13	39071
426	459156927.3	39071	3.023342457e+13	39071
427	459092913	39071	3.021071683e+13	39071
428	458842235.1	39071	3.01642078e+13	39071
429	458763666.5	39071	3.015405694e+13	39071
430	458428549.5	39071	3.012517096e+13	39071
431	458085203.7	39071	3.010425762e+13	39071
432	457717327.7	39071	3.007381351e+13	39071
433	457472532.6	39071	3.005575724e+13	39071
434	457330301.9	39071	3.003454429e+13	39071
435	457167200.4	39071	3.001189258e+13	39071
436	456812658	39071	2.997329625e+13	39071
437	456454242	39071	2.995248411e+13	39071
438	456275087.8	39071	2.993540869e+13	39071
439	456209740.2	39071	2.991706758e+13	39071
440	455997161.3	39071	2.98981695e+13	39071
441	455808748.6	39071	2.988138711e+13	39071
442	455612302.4	39071	2.986531022e+13	39071
443	455548813	39071	2.985897671e+13	39071
444	455277160.4	39071	2.983930267e+13	39071
445	455089878.9	39071	2.982123658e+13	39071
446	454919819.9	39071	2.981058012e+13	39071
447	454611538.2	39071	2.978139005e+13	39071
448	454441877.6	39071	2.975811957e+13	39071
449	454106933.4	39071	2.973932132e+13	39071
450	453934751.5	39071	2.971557898e+13	39071
451	453829550.6	39071	2.96983673e+13	39071
452	453477506.3	39071	2.968045044e+13	39071
453	453309096.7	39071	2.966779829e+13	39071
454	453137751.5	39071	2.96389835e+13	39071
455	452891759.5	39071	2.960781125e+13	39071
456	452719444.4	39071	2.956172949e+13	39071
457	452409737.5	39071	2.954460166e+13	39071
458	452290850.1	39071	2.952639375e+13	39071
459	452115981.5	39071	2.951030672e+13	39071
460	452062451.3	39071	2.95021483e+13	39071
461	451683844.1	39071	2.946150787e+13	39071
462	451616710.6	39071	2.945369517e+13	39071
463	451310780.9	39071	2.943370654e+13	39071
464	450903637.9	39071	2.940914242e+13	39071
465	450636803.7	39071	2.938820396e+13	39071
466	450543102.8	39071	2.937802942e+13	39071
467	450265823.6	39071	2.935122463e+13	39071
468	450113975.2	39071	2.932926035e+13	39071
469	449972588.3	39071	2.931592221e+13	39071
470	449766251.5	39071	2.929779394e+13	39071
471	449522664.7	39071	2.925669569e+13	39071
472	449220338.8	39071	2.923959577e+13	39071
473	449144940.1	39071	2.922765516e+13	39071
474	448841309.9	39071	2.920286547e+13	39071
475	448704427.9	39071	2.919086816e+13	39071
476	448591322.9	39071	2.917376675e+13	39071
477	448450592.1	39071	2.914404004e+13	39071
478	448242862	39071	2.910583386e+13	39071
479	448092974.9	39071	2.909039842e+13	39071
480	447817885.1	39071	2.90631991e+13	39071
481	447738338.5	39071	2.904678337e+13	39071
482	447607042.1	39071	2.902996504e+13	39071
483	447278636	39071	2.900069085e+13	39071
484	447159198.3	39071	2.89794738e+13	39071
485	446861358.1	39071	2.895569708e+13	39071
486	446663632.6	39071	2.894323932e+13	39071
487	446369510.3	39071	2.892460074e+13	39071
488	446245609.8	39071	2.890203948e+13	39071
489	445918016.1	39071	2.887995982e+13	39071
490	445630830.7	39071	2.884522718e+13	39071
491	445385129.2	39071	2.883077602e+13	39071
492	445250573	39071	2.881765348e+13	39071
493	445170530.6	39071	2.880245546e+13	39071
494	445117899.8	39071	2.878807402e+13	39071
495	444908594.8	39071	2.877194705e+13	39071
496	444774580.3	39071	2.87538755e+13	39071
497	444669424.5	39071	2.874595116e+13	39071
498	444327502.7	39071	2.870496794e+13	39071
499	444181885.7	39071	2.869139361e+13	39071
500	443997211.2	39071	2.867760621e+13	39071
501	443862209.4	39071	2.86555452e+13	39071
502	443630857.7	39071	2.861892034e+13	39071
503	443339309.9	39071	2.858920006e+13	39071
504	443210057.4	39071	2.856292621e+13	39071
505	443130829.4	39071	2.855063356e+13	39071
506	442839384.7	39071	2.851919853e+13	39071
507	442720628	39071	2.85064163e+13	39071
508	442699501.2	39071	2.849835869e+13	39071
509	442592850	39071	2.847568098e+13	39071
510	442458373.9	39071	2.847035118e+13	39071
511	442270300.6	39071	2.845821098e+13	39071
512	441983416.2	39071	2.843521729e+13	39071
513	441661200.3	39071	2.841018853e+13	39071
514	441494611	39071	2.838554596e+13	39071
515	441240334.9	39071	2.837199586e+13	39071
516	441067121.7	39071	2.834757554e+13	39071
517	440939296.5	39071	2.833549206e+13	39071
518	440833573.4	39071	2.8324479e+13	39071
519	440579405.4	39071	2.830934988e+13	39071
520	440470950.8	39071	2.830118499e+13	39071
521	440315574.1	39071	2.828783519e+13	39071
522	440205884.1	39071	2.828085711e+13	39071
523	439991704.9	39071	2.826849923e+13	39071
524	439887551.4	39071	2.825616283e+13	39071
525	439689218.6	39071	2.82339032e+13	39071
526	439391137.1	39071	2.821238923e+13	39071
527	439329189.6	39071	2.820648979e+13	39071
528	439024438.3	39071	2.81850854e+13	39071
529	438937107.1	39071	2.817268024e+13	39071
530	438832533.5	39071	2.816044593e+13	39071
531	438652657.5	39071	2.814417627e+13	39071
532	438495521.1	39071	2.812006573e+13	39071
533	438406416	39071	2.810752798e+13	39071
534	438265020.8	39071	2.809550435e+13	39071
535	438203924	39071	2.80895159e+13	39071
536	437998703.6	39071	2.807592585e+13	39071
537	437787643.8	39071	2.805547669e+13	39071
538	437523739.2	39071	2.804096335e+13	39071
539	437266263.7	39071	2.802256059e+13	39071
540	437076942.1	39071	2.798883828e+13	39071
541	436866995.4	39071	2.797909434e+13	39071
542	436591641.1	39071	2.795428123e+13	39071
543	436332975.8	39071	2.793277903e+13	39071
544	436042725.5	39071	2.791497364e+13	39071
545	435947818.6	39071	2.790499171e+13	39071
546	435858500.8	39071	2.788980743e+13	39071
547	435614791.2	39071	2.786818648e+13	39071
548	435380486.2	39071	2.785017586e+13	39071
549	435344339.7	39071	2.784436079e+13	39071
550	435325321.4	39071	2.78331228e+13	39071
551	435268570.1	39071	2.780606169e+13	39071
552	435042891.9	39071	2.778950358e+13	39071
553	434886166.4	39071	2.777419116e+13	39071
554	434825010.5	39071	2.77684986e+13	39071
555	434731710.8	39071	2.775436524e+13	39071
556	434520924.2	39071	2.772779197e+13	39071
557	434319218.3	39071	2.771327432e+13	39071
558	434308647.4	39071	2.770868088e+13	39071
559	434239819.5	39071	2.769726751e+13	39071
560	434174149	39071	2.769372627e+13	39071
561	434015731	39071	2.768358103e+13	39071
562	433847238.3	39071	2.767393505e+13	39071
563	433656937	39071	2.765422809e+13	39071
564	433630844.6	39071	2.764949827e+13	39071
565	433607597.2	39071	2.764396457e+13	39071
566	433550137.8	39071	2.763878514e+13	39071
567	433545390.9	39071	2.763522008e+13	39071
568	433359389.3	39071	2.761622499e+13	39071
569	433274849.7	39071	2.760227655e+13	39071
570	433155691.2	39071	2.759211939e+13	39071
571	433059441.3	39071	2.758272723e+13	39071
572	433054332.5	39071	2.757883839e+13	39071
573	432957530.6	39071	2.757106953e+13	39071
574	432683878.4	39071	2.75445541e+13	39071
575	432663577.7	39071	2.753837216e+13	39071
576	432654516.3	39071	2.753348452e+13	39071
577	432473440.5	39071	2.752212338e+13	39071
578	432451205.8	39071	2.75169571e+13	39071
579	432419326.4	39071	2.750296149e+13	39071
580	432223931.3	39071	2.748678602e+13	39071
581	432142395.8	39071	2.747392678e+13	39071
582	432137171.2	39071	2.747052105e+13	39071
583	432114765.5	39071	2.746642263e+13	39071
584	431891496.1	39071	2.744681302e+13	39071
585	431664524.4	39071	2.74341223e+13	39071
586	431437190.4	39071	2.742050388e+13	39071
587	431244351.6	39071	2.741106694e+13	39071
588	430986910	39071	2.7399094e+13	39071
589	430786103.3	39071	2.738966955e+13	39071
590	430620431.8	39071	2.737431251e+13	39071
591	430609710	39071	2.736872343e+13	39071
592	430406453.5	39071	2.735421147e+13	39071
593	430343674.3	39071	2.734278337e+13	39071
594	430313319.8	39071	2.733589248e+13	39071
595	430107224.3	39071	2.731900837e+13	39071
596	429960134.3	39071	2.731010679e+13	39071
597	429884948.7	39071	2.730337918e+13	39071
598	429789410.3	39071	2.729484258e+13	39071
599	429616259.1	39071	2.727222732e+13	39071
600	429425611.8	39071	2.725874166e+13	39071
601	429355301.5	39071	2.725618141e+13	39071
602	429183500.8	39071	2.724726979e+13	39071
603	429136661.4	39071	2.72426162e+13	39071
604	429037257	39071	2.723370036e+13	39071
605	428980097.1	39071	2.722890342e+13	39071
606	428785761.5	39071	2.721147153e+13	39071
607	428661836	39071	2.719039982e+13	39071
608	428552632.6	39071	2.718177705e+13	39071
609	428461969.4	39071	2.717655942e+13	39071
610	428403536.2	39071	2.716689023e+13	39071
611	428196878.1	39071	2.715163818e+13	39071
612	428110406.4	39071	2.714134202e+13	39071
613	428043649	39071	2.713231946e+13	39071
614	428006088.7	39071	2.713243441e+13	39071
615	427937791.3	39071	2.712528573e+13	39071
616	427769149.7	39071	2.711032161e+13	39071
617	427652847.8	39071	2.709649342e+13	39071
618	427626236.7	39071	2.708999524e+13	39071
619	427552126.9	39071	2.708104765e+13	39071
620	427365775.8	39071	2.706760977e+13	39071
621	427344215.2	39071	2.70634579e+13	39071
622	427274156.8	39071	2.705571185e+13	39071
623	427208309	39071	2.704831991e+13	39071
624	427040250.2	39071	2.703444934e+13	39071
625	426940194	39071	2.702201705e+13	39071
626	426804850.7	39071	2.701218567e+13	39071
627	426800558.9	39071	2.700909035e+13	39071
628	426790839.2	39071	2.70042123e+13	39071
629	426562403.5	39071	2.69874272e+13	39071
630	426470765.7	39071	2.697500679e+13	39071
631	426287005.8	39071	2.69601375e+13	39071
632	426284469.1	39071	2.695719927e+13	39071
633	426054711.9	39071	2.694379526e+13	39071
634	426035091.6	39071	2.693977179e+13	39071
635	425834377	39071	2.692026846e+13	39071
636	425630289	39071	2.690588409e+13	39071
637	425582527.2	39071	2.690210738e+13	39071
638	425508624.5	39071	2.68948998e+13	39071
639	425369610.4	39071	2.687776512e+13	39071
640	425333381.8	39071	2.687352936e+13	39071
641	425115677.3	39071	2.685433909e+13	39071
642	424967299.7	39071	2.684175148e+13	39071
643	424894334.2	39071	2.683576187e+13	39071
644	424739415.5	39071	2.682122322e+13	39071
645	424680138.1	39071	2.68116045e+13	39071
646	424555537.4	39071	2.680092817e+13	39071
647	424484929.3	39071	2.679404547e+13	39071
648	424368045.6	39071	2.679067824e+13	39071
649	424233635.4	39071	2.678231572e+13	39071
650	424179017.5	39071	2.677646457e+13	39071
651	424035961.5	39071	2.676393727e+13	39071
652	423934277.7	39071	2.674272915e+13	39071
653	423833060.7	39071	2.672360939e+13	39071
654	423758047.3	39071	2.672015675e+13	39071
655	423687824.7	39071	2.671115077e+13	39071
656	423582538.2	39071	2.670371405e+13	39071
657	423510450.4	39071	2.670093201e+13	39071
658	423350771.9	39071	2.669450352e+13	39071
659	423163304.5	39071	2.668770274e+13	39071
660	423110063.5	39071	2.666502528e+13	39071
661	423044242.5	39071	2.66615518e+13	39071
662	422838588.7	39071	2.664808201e+13	39071
663	422799100.7	39071	2.664724226e+13	39071
664	422780173.3	39071	2.664351778e+13	39071
665	422772153.1	39071	2.664069447e+13	39071
666	422707112.4	39071	2.663870958e+13	39071
667	422545670.3	39071	2.662538937e+13	39071
668	422377726.5	39071	2.660969412e+13	39071
669	422202868.4	39071	2.659765211e+13	39071
670	422138014.6	39071	2.659053761e+13	39071
671	421977920.9	39071	2.657871641e+13	39071
672	421901173.3	39071	2.657200165e+13	39071
673	421817655.8	39071	2.656052087e+13	39071
674	421752788.9	39071	2.655324502e+13	39071
675	421697912.8	39071	2.654373863e+13	39071
676	421574944.8	39071	2.652938637e+13	39071
677	421431380.1	39071	2.651798777e+13	39071
678	421304658.8	39071	2.650134787e+13	39071
679	421230425.5	39071	2.649405853e+13	39071
680	421196356.3	39071	2.648631851e+13	39071
681	421092967.9	39071	2.647793334e+13	39071
682	421037229.8	39071	2.646863101e+13	39071
683	420932328.2	39071	2.646405476e+13	39071
684	420775714.1	39071	2.645165766e+13	39071
685	420674826	39071	2.643964251e+13	39071
686	420612105.4	39071	2.643326073e+13	39071
687	420532372.6	39071	2.64262408e+13	39071
688	420499700.3	39071	2.641748122e+13	39071
689	420361517.3	39071	2.640365009e+13	39071
690	420270944.7	39071	2.639497014e+13	39071
691	420216871.4	39071	2.63854959e+13	39071
692	420095316.4	39071	2.637341026e+13	39071
693	419975273.1	39071	2.636859325e+13	39071
694	419958191.5	39071	2.636320156e+13	39071
695	419775065.3	39071	2.63511676e+13	39071
696	419662953.1	39071	2.634614374e+13	39071
697	419593829.4	39071	2.634038031e+13	39071
698	419556764.8	39071	2.634168483e+13	39071
699	419466398.9	39071	2.634107391e+13	39071
700	419323167.7	39071	2.632849748e+13	39071
701	419294767.8	39071	2.632250942e+13	39071
702	419150796.2	39071	2.631242982e+13	39071
703	419042312.8	39071	2.630645656e+13	39071
704	418982580.9	39071	2.630025947e+13	39071
705	418896752.4	39071	2.628627387e+13	39071
706	418845627.5	39071	2.628473301e+13	39071
707	418689338.3	39071	2.627711312e+13	39071
708	418556382.9	39071	2.626893055e+13	39071
709	418439704.8	39071	2.625708508e+13	39071
710	418277101.9	39071	2.624390382e+13	39071
711	418192369.1	39071	2.622114196e+13	39071
712	418062629.7	39071	2.621145359e+13	39071
713	417887495.4	39071	2.620036693e+13	39071
714	417833436.8	39071	2.619614577e+13	39071
715	417799331.7	39071	2.619596033e+13	39071
716	417720977.4	39071	2.618211507e+13	39071
717	417581782.6	39071	2.616859185e+13	39071
718	417445657.7	39071	2.616190822e+13	39071
719	417383055.5	39071	2.615398133e+13	39071
720	417313823.6	39071	2.615107322e+13	39071
721	417221143.7	39071	2.614531939e+13	39071
722	417111807.7	39071	2.613536881e+13	39071
723	416983496.7	39071	2.612728545e+13	39071
724	416926803.9	39071	2.612462887e+13	39071
725	416924392.6	39071	2.612092096e+13	39071
726	416812358.3	39071	2.61164888e+13	39071
727	416768633.7	39071	2.611063835e+13	39071
728	416684051.4	39071	2.610318859e+13	39071
729	416633528.2	39071	2.609455314e+13	39071
730	416484722.2	39071	2.608266411e+13	39071
731	416406399.3	39071	2.607194173e+13	39071
732	416383968.8	39071	2.606619081e+13	39071
733	416279277.3	39071	2.605539036e+13	39071
734	416157892.5	39071	2.604583813e+13	39071
735	416059452.5	39071	2.603921652e+13	39071
736	415955869.6	39071	2.602944166e+13	39071
737	415920918.1	39071	2.602424713e+13	39071
738	415895772.4	39071	2.602104441e+13	39071
739	415862318.6	39071	2.601544283e+13	39071
740	415737522.8	39071	2.600419963e+13	39071
741	415663767.8	39071	2.599934741e+13	39071
742	415615489.2	39071	2.599238183e+13	39071
743	415561524.7	39071	2.598699221e+13	39071
744	415522230.1	39071	2.598135364e+13	39071
745	415357356.6	39071	2.59692036e+13	39071
746	415331292	39071	2.596391773e+13	39071
747	415245780.3	39071	2.595580575e+13	39071
748	415235381.1	39071	2.595450975e+13	39071
749	415107898.8	39071	2.594652277e+13	39071
750	415020170.4	39071	2.593820581e+13	39071
751	414925194.1	39071	2.593238492e+13	39071
752	414803980.3	39071	2.592571874e+13	39071
753	414713194.3	39071	2.591587986e+13	39071
754	414665210.7	39071	2.591111647e+13	39071
755	414545770.8	39071	2.590479003e+13	39071
756	414488775.7	39071	2.590427874e+13	39071
757	414375118.8	39071	2.589413544e+13	39071
758	414265569.7	39071	2.588515655e+13	39071
759	414228678.7	39071	2.58808375e+13	39071
760	414163676.2	39071	2.587708885e+13	39071
761	414083697.7	39071	2.587107793e+13	39071
762	414001560.3	39071	2.586177306e+13	39071
763	413892779.7	39071	2.584798039e+13	39071
764	413869268.1	39071	2.584528334e+13	39071
765	413801900.4	39071	2.583429099e+13	39071
766	413698912.1	39071	2.582882179e+13	39071
767	413642401.1	39071	2.582230432e+13	39071
768	413509026.3	39071	2.580850472e+13	39071
769	413494928.2	39071	2.58077776e+13	39071
770	413430044.2	39071	2.579752417e+13	39071
771	413272461.7	39071	2.579155391e+13	39071
772	413199070.8	39071	2.578426228e+13	39071
773	413041201.8	39071	2.577755709e+13	39071
774	412996362.9	39071	2.577520094e+13	39071
775	412941763.6	39071	2.576753757e+13	39071
776	412814798	39071	2.575848023e+13	39071
777	412811826.7	39071	2.575521341e+13	39071
778	412733801	39071	2.574654995e+13	39071
779	412684406.9	39071	2.574496276e+13	39071
780	412652419.1	39071	2.574791511e+13	39071
781	412529183.2	39071	2.574233347e+13	39071
782	412469890.5	39071	2.573733396e+13	39071
783	412340424.2	39071	2.573056472e+13	39071
784	412302354.6	39071	2.572851829e+13	39071
785	412163106.8	39071	2.572053547e+13	39071
786	412144403.8	39071	2.572009053e+13	39071
787	412144765.9	39071	2.571816546e+13	39071
788	412094555.1	39071	2.571550629e+13	39071
789	412046269.6	39071	2.570521313e+13	39071
790	412015578.5	39071	2.569932095e+13	39071
791	411889711.7	39071	2.569079372e+13	39071
792	411810209.9	39071	2.568392871e+13	39071
793	411801890.3	39071	2.568199002e+13	39071
794	411751888.2	39071	2.567571314e+13	39071
795	411650221.7	39071	2.5663453e+13	39071
796	411589553.8	39071	2.565977326e+13	39071
797	411573258.8	39071	2.565918784e+13	39071
798	411472488.8	39071	2.565138932e+13	39071
799	411376632.5	39071	2.564742043e+13	39071
800	411302606.1	39071	2.563928526e+13	39071
801	411234292.7	39071	2.563264383e+13	39071
802	411151976.8	39071	2.562604062e+13	39071
803	411080282.8	39071	2.561771455e+13	39071
804	411023961.5	39071	2.561747193e+13	39071
805	410955579.8	39071	2.560454968e+13	39071
806	410824811.2	39071	2.559252883e+13	39071
807	410808069.2	39071	2.558637294e+13	39071
808	410801067.3	39071	2.558351913e+13	39071
809	410729041.6	39071	2.557562779e+13	39071
810	410682070.1	39071	2.556054265e+13	39071
811	410626358.3	39071	2.555643291e+13	39071
812	410548858.7	39071	2.55535646e+13	39071
813	410475236.7	39071	2.554895043e+13	39071
814	410346162.2	39071	2.553377301e+13	39071
815	410191724.1	39071	2.552574708e+13	39071
816	410133202.7	39071	2.551834439e+13	39071
817	410045961.7	39071	2.551332938e+13	39071
818	409952091	39071	2.550609657e+13	39071
819	409891837.3	39071	2.550185848e+13	39071
820	409839009.9	39071	2.549344722e+13	39071
821	409798844.2	39071	2.548755661e+13	39071
822	409775121.6	39071	2.548258949e+13	39071
823	409715259.3	39071	2.54779367e+13	39071
824	409653478.8	39071	2.546880512e+13	39071
825	409576540.7	39071	2.545580804e+13	39071
826	409550835.7	39071	2.545701498e+13	39071
827	409544836.1	39071	2.545381246e+13	39071
828	409491638.1	39071	2.545050516e+13	39071
829	409299294.9	39071	2.544004431e+13	39071
830	409106084.4	39071	2.543228969e+13	39071
831	409070768.2	39071	2.542734369e+13	39071
832	408981463.7	39071	2.541960783e+13	39071
833	408909956.1	39071	2.541183513e+13	39071
834	408891059.2	39071	2.540162511e+13	39071
835	408706892.9	39071	2.539073136e+13	39071
836	408616099.2	39071	2.538573943e+13	39071
837	408581896.4	39071	2.538233661e+13	39071
838	408454788.5	39071	2.537895077e+13	39071
839	408411213.2	39071	2.537664262e+13	39071
840	408352748.6	39071	2.536552033e+13	39071
841	408249660.4	39071	2.536134744e+13	39071
842	408162457.7	39071	2.535688996e+13	39071
843	408056393	39071	2.53436177e+13	39071
844	407980922	39071	2.533671427e+13	39071
845	407916955	39071	2.533325489e+13	39071
846	407880503.4	39071	2.532923736e+13	39071
847	407836837.2	39071	2.533012893e+13	39071
848	407701389.2	39071	2.53252315e+13	39071
849	407635604	39071	2.531809315e+13	39071
850	407606228.4	39071	2.531380736e+13	39071
851	407509224.3	39071	2.53067269e+13	39071
852	407509918.4	39071	2.530802526e+13	39071
853	407503854.2	39071	2.530619733e+13	39071
854	407397349.3	39071	2.530195204e+13	39071
855	407326354.8	39071	2.529569132e+13	39071
856	407233653	39071	2.528812722e+13	39071
857	407219796.2	39071	2.528127413e+13	39071
858	407170337.8	39071	2.52768309e+13	39071
859	407133422	39071	2.527142931e+13	39071
860	407096738.8	39071	2.526743641e+13	39071
861	407063227.2	39071	2.52628851e+13	39071
862	406915031.1	39071	2.525199823e+13	39071
863	406874820.9	39071	2.524766866e+13	39071
864	406752845.9	39071	2.523655733e+13	39071
865	406688525.6	39071	2.521981553e+13	39071
866	406664482.1	39071	2.521611462e+13	39071
867	406629816.6	39071	2.521027237e+13	39071
868	406592528.3	39071	2.520442859e+13	39071
869	406570618.1	39071	2.520044181e+13	39071
870	406546747.7	39071	2.519578321e+13	39071
871	406480246.3	39071	2.519172854e+13	39071
872	406468038.7	39071	2.519194422e+13	39071
873	406444132.9	39071	2.518936617e+13	39071
874	406436159.3	39071	2.518887576e+13	39071
875	406430469.2	39071	2.518727844e+13	39071
876	406354985	39071	2.51869697e+13	39071
877	406267776	39071	2.517756162e+13	39071
878	406261621.2	39071	2.517484098e+13	39071
879	406204266.4	39071	2.515822927e+13	39071
880	406141190.3	39071	2.515466478e+13	39071
881	406074480.6	39071	2.515136361e+13	39071
882	406015213.1	39071	2.514468644e+13	39071
883	405884482.8	39071	2.513373015e+13	39071
884	405815066.5	39071	2.511996695e+13	39071
885	405784843.8	39071	2.511930095e+13	39071
886	405742179.8	39071	2.511167575e+13	39071
887	405648814.2	39071	2.510677504e+13	39071
888	405580040.4	39071	2.509994566e+13	39071
889	405548460.4	39071	2.509795607e+13	39071
890	405493976.6	39071	2.508892143e+13	39071
891	405467484.6	39071	2.508259083e+13	39071
892	405383859.7	39071	2.507448592e+13	39071
893	405266021.9	39071	2.506774678e+13	39071
894	405179191.2	39071	2.505840772e+13	39071
895	405159373.1	39071	2.505325046e+13	39071
896	405117387.9	39071	2.504785488e+13	39071
897	405088187.8	39071	2.503045689e+13	39071
898	405038479.8	39071	2.502703711e+13	39071
899	404972836	39071	2.502172869e+13	39071
900	404880346.3	39071	2.501260614e+13	39071
901	404811144	39071	2.501079135e+13	39071
902	404635909.5	39071	2.499601843e+13	39071
903	404516718.2	39071	2.498941293e+13	39071
904	404496101.5	39071	2.498705841e+13	39071
905	404445377	39071	2.498180182e+13	39071
906	404287008.5	39071	2.49767233e+13	39071
907	404213741.2	39071	2.497248825e+13	39071
908	404155533	39071	2.496810746e+13	39071
909	404067196.9	39071	2.496865347e+13	39071
910	403993883.1	39071	2.495848162e+13	39071
911	403957113.8	39071	2.495650975e+13	39071
912	403956857.7	39071	2.49551031e+13	39071
913	403890204.4	39071	2.495045874e+13	39071
914	403790367.1	39071	2.494171834e+13	39071
915	403749868.5	39071	2.493855349e+13	39071
916	403747409.3	39071	2.493652317e+13	39071
917	403746498.1	39071	2.493557227e+13	39071
918	403718420.1	39071	2.49186806e+13	39071
919	403600747	39071	2.490790441e+13	39071
920	403568575.1	39071	2.490310562e+13	39071
921	403421929.4	39071	2.489387712e+13	39071
922	403357822.8	39071	2.489135345e+13	39071
923	403259018.7	39071	2.488675831e+13	39071
924	403225185.7	39071	2.488463424e+13	39071
925	403102182.6	39071	2.488002727e+13	39071
926	403061789.2	39071	2.486945087e+13	39071
927	403015528.5	39071	2.485874794e+13	39071
928	402941736.2	39071	2.485409997e+13	39071
929	402818089.7	39071	2.483918386e+13	39071
930	402801806.7	39071	2.483583014e+13	39071
931	402743164.8	39071	2.483434416e+13	39071
932	402648719.5	39071	2.482617239e+13	39071
933	402589914.1	39071	2.482148261e+13	39071
934	402546139.8	39071	2.481866864e+13	39071
935	402508932.6	39071	2.481508848e+13	39071
936	402375661.4	39071	2.480715851e+13	39071
937	402345631.4	39071	2.480307492e+13	39071
938	402244908.7	39071	2.478758929e+13	39071
939	402184318.6	39071	2.478544978e+13	39071
940	402126307.7	39071	2.477815887e+13	39071
941	402081437.8	39071	2.477256576e+13	39071
942	402050994	39071	2.476607685e+13	39071
943	401988056	39071	2.47583658e+13	39071
944	401971419	39071	2.475649555e+13	39071
945	401970811.2	39071	2.475576287e+13	39071
946	401927880.9	39071	2.475114448e+13	39071
947	401899909.2	39071	2.47485759e+13	39071
948	401821967.3	39071	2.473842797e+13	39071
949	401806898.2	39071	2.473710279e+13	39071
950	401802057.3	39071	2.473914102e+13	39071
951	401733914.6	39071	2.473613802e+13	39071
952	401644814	39071	2.473068907e+13	39071
953	401591028.1	39071	2.472818629e+13	39071
954	401524898.8	39071	2.471887921e+13	39071
955	401453671.3	39071	2.47114747e+13	39071
956	401377081.8	39071	2.469885025e+13	39071
957	401330236	39071	2.469669833e+13	39071
958	401279774.4	39071	2.469061035e+13	39071
959	401219784.4	39071	2.468611292e+13	39071
960	401221809.7	39071	2.468796732e+13	39071
961	401207339.8	39071	2.468249114e+13	39071
962	401162173.9	39071	2.467963601e+13	39071
963	401154421.6	39071	2.467746781e+13	39071
964	401127614.1	39071	2.467519812e+13	39071
965	401056671.2	39071	2.467201898e+13	39071
966	400976564.1	39071	2.466375973e+13	39071
967	400922955.5	39071	2.466061273e+13	39071
968	400797450.5	39071	2.465569017e+13	39071
969	400661180.8	39071	2.463984273e+13	39071
970	400519814	39071	2.462961108e+13	39071
971	400385470.7	39071	2.462132588e+13	39071
972	400223416.3	39071	2.460623508e+13	39071
973	400148228.8	39071	2.459872338e+13	39071
974	399995174.5	39071	2.459083104e+13	39071
975	399984604.5	39071	2.458804613e+13	39071
976	399901214.5	39071	2.457741664e+13	39071
977	399783908.6	39071	2.456290164e+13	39071
978	399668190.8	39071	2.454893858e+13	39071
979	399566851.3	39071	2.454123617e+13	39071
980	399453709.7	39071	2.452758584e+13	39071
981	399329965.3	39071	2.451966963e+13	39071
982	399222784.8	39071	2.451520778e+13	39071
983	399104434.3	39071	2.450660396e+13	39071
984	399001856.2	39071	2.450215616e+13	39071
985	398834495.5	39071	2.449294329e+13	39071
986	398752744.9	39071	2.44849775e+13	39071
987	398603101.1	39071	2.447677898e+13	39071
988	398482750.1	39071	2.446661918e+13	39071
989	398391964.4	39071	2.446356645e+13	39071
990	398387339.9	39071	2.446299944e+13	39071
991	398315640.9	39071	2.445705131e+13	39071
992	398226337.2	39071	2.445363058e+13	39071
993	398120033.5	39071	2.444674812e+13	39071
994	398080566.1	39071	2.444397872e+13	39071
995	397961501.6	39071	2.443935675e+13	39071
996	397898033.3	39071	2.44377805e+13	39071
997	397822969.3	39071	2.443995501e+13	39071
998	397698576	39071	2.44338585e+13	39071
999	397548846.4	39071	2.442483708e+13	39071
